{
  "meta": {
    "xml": "mjcf/jethexa_lab.xml",
    "xml_sha256": "2303130be3fc0d41972df1ba6cbdbeccbe432db6829ca52b12c9ea55b46f5062",
    "angles": 24,
    "radii": 3
  },
  "legs": {
    "LF": {
      "sign": [
        1.0,
        1.0,
        1.0
      ],
      "delta": [
        -0.8710316968873446,
        0.19332225103973744,
        -1.08
      ]
    },
    "LM": {
      "sign": [
        1.0,
        1.0,
        1.0
      ],
      "delta": [
        -0.871031696887345,
        0.19332225103973721,
        -1.08
      ]
    },
    "LR": {
      "sign": [
        1.0,
        1.0,
        1.0
      ],
      "delta": [
        -0.8710316968873464,
        0.19332225103973744,
        -1.08
      ]
    },
    "RF": {
      "sign": [
        -1.0,
        -1.0,
        -1.0
      ],
      "delta": [
        -0.8710316968873468,
        0.006839702249600954,
        -1.08
      ]
    },
    "RM": {
      "sign": [
        -1.0,
        -1.0,
        -1.0
      ],
      "delta": [
        -0.8710316968873459,
        0.006839702249600954,
        -1.08
      ]
    },
    "RR": {
      "sign": [
        -1.0,
        -1.0,
        -1.0
      ],
      "delta": [
        -0.8710316968873448,
        0.006839702249601176,
        -1.08
      ]
    }
  }
}
