{
  "r_paper": 0.03683697268031129,
  "r_inscribed_min": 0.10729456696267842,
  "s": 2.4,
  "alpha": 1.0,
  "r_ctrl": 0.08840873443274709,
  "hip_z_nom": 0.12,
  "a": [
    0.0450503,
    0.07703,
    0.113
  ],
  "timestamp": "2025-10-15T20:15:56Z"
}
