{
  "r_paper": 0.03683697268031129,
  "r_inscribed_min": 0.11037705620344952,
  "s": 1.4,
  "alpha": 0.8,
  "r_ctrl": 0.0515717617524358,
  "hip_z_nom": 0.12,
  "a": [
    0.0450503,
    0.07703,
    0.113
  ],
  "timestamp": "2025-10-14T15:18:29Z"
}
